,Basename,sample_id,sample_well,sample_plate,sentrix_ID,sentrix_position,time,array_type,donor_age,donor_gender,donor_race,recipient_age,recipient_gender,recipient_race,eGFR
1,8942300027_R04C02,160 K1,F03,VRM01,8942300027,R04C02,K1,450K,54.0,F,B,35.0,M,B,Low
3,8942300027_R05C02,188 K1,G03,VRM01,8942300027,R05C02,K1,450K,71.0,F,C,66.0,F,B,Low
5,9296930129_R04C02,58 K-1,B02,VRM02b,9296930129,R04C02,K1,450K,74.0,F,B,68.0,F,B,Low
7,9296930129_R05C02,136 K-1,C02,VRM02b,9296930129,R05C02,K1,450K,56.0,F,C,68.0,M,C,
9,9296930129_R03C01,186 K-1,C01,VRM02b,9296930129,R03C01,K1,450K,31.0,F,C,46.0,M,B,Low
11,9296930129_R04C01,187 K-1,D01,VRM02b,9296930129,R04C01,K1,450K,71.0,F,C,51.0,M,B,High
13,9296930129_R05C01,192 K-1,E01,VRM02b,9296930129,R05C01,K1,450K,46.0,F,C,42.0,F,B,Low
15,9296930129_R01C02,197 K-1,G01,VRM02b,9296930129,R01C02,K1,450K,74.0,F,C,58.0,F,B,Low
17,9305651174_R03C01,89 K-1 ,C01,VRM03,9305651174,R03C01,K1,450K,20.0,F,C,48.0,F,C,Low
19,9305651174_R05C01,198 K-1 ,E01,VRM03,9305651174,R05C01,K1,450K,74.0,F,C,57.0,F,B,Low
21,9305651174_R06C01,201 K-1,F01,VRM03,9305651174,R06C01,K1,450K,43.0,F,B,74.0,M,B,Low
23,9305651174_R01C02,203 K-1,G01,VRM03,9305651174,R01C02,K1,450K,42.0,F,B,58.0,M,B,Low
25,9305651174_R06C02,206 K-1 ,D02,VRM03,9305651174,R06C02,K1,450K,53.0,F,C,36.0,M,B,High
27,9305651191_R06C01,132 K-1,B03,VRM03,9305651191,R06C01,K1,450K,31.0,F,C,64.0,F,B,High
29,9305651191_R05C01,148 K-1,A03,VRM03,9305651191,R05C01,K1,450K,56.0,F,C,41.0,M,B,High
31,9305651191_R04C01,174 K-1,H02,VRM03,9305651191,R04C01,K1,450K,55.0,F,C,57.0,M,B,Low
33,9305651191_R06C02,179 K-1,H03,VRM03,9305651191,R06C02,K1,450K,61.0,F,B,54.0,F,B,Low
35,9305651191_R03C01,182 K-1,G02,VRM03,9305651191,R03C01,K1,450K,56.0,F,B,64.0,M,B,Low
37,100896160078_R04C02,10-K1,B02,VRM5,100896160078,R04C02,K1,450K,54.0,F,B,35.0,M,B,Low
39,200687170063_R02C02,157 K1,D03,VRM6_01,200687170063,R02C02,K1,450K,47.0,F,C,55.0,M,B,High
41,201465900002_R02C01,UVA_002,B01,VRM9,201465900002,R02C01,K1,EPIC,49.0,F,C,46.0,M,C,High
43,201465900002_R05C01,UVA_005,E01,VRM9,201465900002,R05C01,K1,EPIC,47.0,F,C,56.0,M,C,High
45,201465900002_R07C01,UVA_007,G01,VRM9,201465900002,R07C01,K1,EPIC,17.0,F,C,62.0,F,B,High
47,201465900011_R01C01,133 k1,A02,VRM9,201465900011,R01C01,K1,EPIC,31.0,F,C,64.0,F,B,High
49,201465900011_R02C01,158 k1,B02,VRM9,201465900011,R02C01,K1,EPIC,47.0,F,C,68.0,M,B,
51,201465900011_R04C01,171 k1,D02,VRM9,201465900011,R04C01,K1,EPIC,28.0,F,C,42.0,M,B,High
53,202240580106_R08C01,65K1,H01,VRM10,202240580106,R08C01,K1,EPIC,18.0,F,C,21.0,M,B,High
55,202240580106_R03C01,453,C01,VRM10,202240580106,R03C01,K1,EPIC,26.0,F,C,67.0,M,C,High
57,202240580106_R04C01,451,D01,VRM10,202240580106,R04C01,K1,EPIC,23.0,F,Other,71.0,M,B,High
59,202240580106_R06C01,456,F01,VRM10,202240580106,R06C01,K1,EPIC,10.0,F,B,40.0,M,B,High
61,202240580190_R04C01,454,D02,VRM10,202240580190,R04C01,K1,EPIC,27.0,F,C,39.0,M,A,High
63,202240580190_R06C01,457,F02,VRM10,202240580190,R06C01,K1,EPIC,26.0,F,C,58.0,M,B,High
65,202240580190_R07C01,461,G02,VRM10,202240580190,R07C01,K1,EPIC,46.0,F,C,46.0,M,B,
67,202240580190_R08C01,466,H02,VRM10,202240580190,R08C01,K1,EPIC,33.0,F,C,56.0,M,B,High
69,202240580192_R01C01,444,A03,VRM10,202240580192,R01C01,K1,EPIC,38.0,F,C,39.0,M,B,High
71,202240580192_R03C01,438,C03,VRM10,202240580192,R03C01,K1,EPIC,27.0,F,B,56.0,M,B,High
73,202240580192_R04C01,443,D03,VRM10,202240580192,R04C01,K1,EPIC,39.0,F,C,48.0,M,B,High
75,202240580192_R07C01,478,G03,VRM10,202240580192,R07C01,K1,EPIC,30.0,F,C,35.0,M,B,High
77,202240580192_R08C01,460,H03,VRM10,202240580192,R08C01,K1,EPIC,56.0,F,C,30.0,M,H,High
79,202240580192_R06C01,134K1,F03,VRM10,202240580192,R06C01,K1,EPIC,58.0,F,C,69.0,M,B,High
81,202240580208_R03C01,111K1,C04,VRM10,202240580208,R03C01,K1,EPIC,48.0,F,B,52.0,F,B,High
83,202259340119_R03C01,68 K1,C01,VRM11,202259340119,R03C01,K1,EPIC,67.0,F,C,68.0,F,C,High
85,202259350001_R01C01,84 K1,A02,VRM11,202259350001,R01C01,K1,EPIC,52.0,F,C,57.0,M,C,
87,202259350016_R03C01,207 K1,C03,VRM11,202259350016,R03C01,K1,EPIC,49.0,F,B,39.0,F,C,Low
89,202259350137_R03C01,MF106 K1,C04,VRM11,202259350137,R03C01,K1,EPIC,56.0,F,C,50.0,M,B,Low
91,202259350137_R04C01,MF429 K1,D04,VRM11,202259350137,R04C01,K1,EPIC,29.0,F,C,65.0,M,H,
93,202702240096_R01C01,KUT001K1,A01,VRM13,202702240096,R01C01,K1,EPIC,38.0,F,C,61.0,F,B,High
95,202702240096_R04C01,KUT005K1,D01,VRM13,202702240096,R04C01,K1,EPIC,35.0,F,B,45.0,F,B,High
97,202702240096_R06C01,KUT006K1,F01,VRM13,202702240096,R06C01,K1,EPIC,35.0,F,B,,,,High
99,202702240114_R02C01,KUT008K1,B02,VRM13,202702240114,R02C01,K1,EPIC,24.0,F,C,36.0,M,B,High
101,202702240114_R06C01,KUT010K1,F02,VRM13,202702240114,R06C01,K1,EPIC,41.0,F,C,67.0,F,B,High
103,203496240001_R03C01,KUT049K1,C01,VRM14,203496240001,R03C01,K1,EPIC,42.0,F,C,61.0,M,B,Low
105,203496240002_R07C01,KUT111K1,G02,VRM14,203496240002,R07C01,K1,EPIC,47.0,F,C,43.0,M,C,High
107,203504430032_R03C01,KUT027K1,C03,VRM15,203504430032,R03C01,K1,EPIC,28.0,F,C,33.0,F,B,High
109,203504430032_R07C01,KUT038K1,G03,VRM15,203504430032,R07C01,K1,EPIC,36.0,F,C,52.0,M,B,High
111,203504430044_R01C01,KUT048K1,A04,VRM15,203504430044,R01C01,K1,EPIC,42.0,F,C,41.0,M,B,Low
113,204001300103_R01C01,KUT119K1,A04,VRM16,204001300103,R01C01,K1,EPIC,39.0,F,C,63.0,F,B,High
115,204001300103_R05C01,KUT4K1,E04,VRM16,204001300103,R05C01,K1,EPIC,28.0,F,C,55.0,F,C,High
117,204001300109_R04C01,NYK487,,VRM16,204001300109,R04C01,K1,EPIC,39.0,F,C,28.0,F,B,High
119,204001300109_R07C01,NYK490,,VRM16,204001300109,R07C01,K1,EPIC,39.0,F,C,64.0,M,Unkwon,Low
121,204001300109_R08C01,NYK491,,VRM16,204001300109,R08C01,K1,EPIC,33.0,F,C,71.0,F,B,High
123,204001350016_R04C01,NYK514,,VRM16,204001350016,R04C01,K1,EPIC,34.0,F,C,57.0,M,B,
125,204001350016_R05C01,NYK515,,,204001350016,R05C01,K1,EPIC,39.0,F,C,60.0,M,Unkwon,
127,204001350016_R08C01,NYK519,,VRM16,204001350016,R08C01,K1,EPIC,39.0,F,C,60.0,M,Unkwon,
129,204001350107_R08C01,KUT096K1,H05,VRM16,204001350107,R08C01,K1,EPIC,33.0,F,C,47.0,M,B,
131,204001350112_R02C01,NYK493,,VRM16,204001350112,R02C01,K1,EPIC,55.0,F,C,70.0,F,B,
133,204001350112_R04C01,NYK500,,VRM16,204001350112,R04C01,K1,EPIC,55.0,F,C,70.0,F,B,
135,204001350112_R06C01,NYK503,,VRM16,204001350112,R06C01,K1,EPIC,50.0,F,C,62.0,M,B,
137,202702240117_R06C01,108K1,F03,VRM13,202702240117,R06C01,K1,EPIC,24.0,F,C,36.0,M,B,
139,8942300027_R01C02,145 K1,C03,VRM01,8942300027,R01C02,K1,450K,16.0,M,B,65.0,M,C,High
141,8942300027_R02C02,178 K1,D03,VRM01,8942300027,R02C02,K1,450K,29.0,M,C,28.0,M,C,High
143,8942300027_R06C02,190 K1,H03,VRM01,8942300027,R06C02,K1,450K,48.0,M,C,50.0,F,B,Low
145,8942300027_R03C02,196 K1,E03,VRM01,8942300027,R03C02,K1,450K,20.0,M,C,65.0,M,C,High
147,9296930129_R01C01,61 K-1,A01,VRM02b,9296930129,R01C01,K1,450K,37.0,M,C,68.0,F,B,High
149,9296930129_R03C02,135 K-1,A02,VRM02b,9296930129,R03C02,K1,450K,55.0,M,C,58.0,M,B,
151,9296930129_R02C01,159 K-1,B01,VRM02b,9296930129,R02C01,K1,450K,18.0,M,C,53.0,M,B,High
153,9296930129_R02C02,168K-1 ,H01,VRM02b,9296930129,R02C02,K1,450K,41.0,M,C,43.0,F,B,High
155,9296930129_R06C01,193 K-1,F01,VRM02b,9296930129,R06C01,K1,450K,32.0,M,C,65.0,F,B,High
157,9305651174_R01C01,71 K-1 ,A01,VRM03,9305651174,R01C01,K1,450K,54.0,M,C,53.0,F,B,High
159,9305651174_R02C02,169 K-1 ,H01,VRM03,9305651174,R02C02,K1,450K,59.0,M,C,56.0,M,C,High
161,9305651174_R03C02,170 K-1 ,A02,VRM03,9305651174,R03C02,K1,450K,59.0,M,C,56.0,M,C,Low
163,9305651174_R04C02,175 K-1,B02,VRM03,9305651174,R04C02,K1,450K,27.0,M,C,24.0,M,B,High
165,9305651174_R04C01,191 K-1,D01,VRM03,9305651174,R04C01,K1,450K,59.0,M,C,59.0,M,C,Low
167,9305651174_R05C02,202 K-1,C02,VRM03,9305651174,R05C02,K1,450K,32.0,M,C,48.0,M,B,High
169,9305651191_R05C02,92 K-1,G03,VRM03,9305651191,R05C02,K1,450K,69.0,M,C,59.0,F,B,Low
171,9305651191_R01C02,185 K-1,C03,VRM03,9305651191,R01C02,K1,450K,64.0,M,C,66.0,M,B,High
173,9305651191_R02C02,199 K-1,D03,VRM03,9305651191,R02C02,K1,450K,30.0,M,C,56.0,M,B,High
175,9305651191_R04C02,200 K-1,F03,VRM03,9305651191,R04C02,K1,450K,39.0,M,C,51.0,F,B,Low
177,200687170063_R04C01,109 K1,H02,VRM6_01,200687170063,R04C01,K1,450K,24.0,M,C,29.0,M,B,High
179,200687170063_R06C01,151 K1,B03,VRM6_01,200687170063,R06C01,K1,450K,30.0,M,C,76.0,F,B,High
181,201465900002_R01C01,UVA_001,A01,VRM9,201465900002,R01C01,K1,EPIC,38.0,M,B,64.0,F,B,High
183,201465900002_R03C01,UVA_003,C01,VRM9,201465900002,R03C01,K1,EPIC,21.0,M,C,56.0,F,B,High
185,201465900002_R04C01,UVA_004,D01,VRM9,201465900002,R04C01,K1,EPIC,44.0,M,C,63.0,M,B,Low
187,201465900002_R06C01,UVA_006,F01,VRM9,201465900002,R06C01,K1,EPIC,45.0,M,C,35.0,M,C,High
189,202259340119_R07C01,73 K1,G01,VRM11,202259340119,R07C01,K1,EPIC,21.0,M,C,36.0,F,C,Low
191,201465900011_R03C01,165 k1,C02,VRM9,201465900011,R03C01,K1,EPIC,25.0,M,B,36.0,F,H,High
193,202240580106_R01C01,448,A01,VRM10,202240580106,R01C01,K1,EPIC,48.0,M,C,59.0,M,B,High
195,202240580106_R02C01,450,B01,VRM10,202240580106,R02C01,K1,EPIC,40.0,M,C,53.0,M,H,High
197,202240580106_R05C01,481,E01,VRM10,202240580106,R05C01,K1,EPIC,65.0,M,C,60.0,M,H,High
199,202240580106_R07C01,447,G01,VRM10,202240580106,R07C01,K1,EPIC,48.0,M,C,60.0,F,B,High
201,202240580190_R05C01,480,E02,VRM10,202240580190,R05C01,K1,EPIC,65.0,M,C,62.0,F,B,High
203,202240580192_R02C01,445,B03,VRM10,202240580192,R02C01,K1,EPIC,43.0,M,Other,41.0,M,B,High
205,202240580208_R01C01,434,A04,VRM10,202240580208,R01C01,K1,EPIC,74.0,M,Other,50.0,M,B,Low
207,202240580208_R04C01,479,D04,VRM10,202240580208,R04C01,K1,EPIC,32.0,M,Other,24.0,M,B,Low
209,202259340119_R01C01,67 K1,A01,VRM11,202259340119,R01C01,K1,EPIC,67.0,M,C,62.0,M,B,High
211,202259340119_R05C01,72 K1,E01,VRM11,202259340119,R05C01,K1,EPIC,54.0,M,C,58.0,M,B,Low
213,202259350001_R06C01,166K1,F02,VRM11,202259350001,R06C01,K1,EPIC,71.0,M,B,59.0,M,B,Low
215,202259350001_R04C01,116 K1,D02,VRM11,202259350001,R04C01,K1,EPIC,50.0,M,C,44.0,F,B,
217,202259350016_R01C01,184 K1,A03,VRM11,202259350016,R01C01,K1,EPIC,64.0,M,C,69.0,F,C,Low
219,202259350016_R02C01,189 K1,B03,VRM11,202259350016,R02C01,K1,EPIC,21.0,M,C,57.0,F,B,High
221,202259350016_R04C01,208 K1,D03,VRM11,202259350016,R04C01,K1,EPIC,38.0,M,C,54.0,F,C,Low
223,202259350137_R05C01,MF483 K1,E04,VRM11,202259350137,R05C01,K1,EPIC,57.0,M,B,60.0,M,C,Low
225,202259350137_R06C01,MF485 K1,F04,VRM11,202259350137,R06C01,K1,EPIC,27.0,M,H,62.0,M,C,High
227,202702240096_R08C01,KUT007K1,H01,VRM13,202702240096,R08C01,K1,EPIC,26.0,M,C,47.0,M,B,Low
229,202702240114_R04C01,KUT009K1,D02,VRM13,202702240114,R04C01,K1,EPIC,32.0,M,C,47.0,F,B,High
231,202702240117_R01C01,KUT012K1,A03,VRM13,202702240117,R01C01,K1,EPIC,42.0,M,B,43.0,F,B,High
233,202702240117_R03C01,KUT013K1,C03,VRM13,202702240117,R03C01,K1,EPIC,32.0,M,B,62.0,M,C,High
235,203496240001_R05C01,KUT055K1,E01,VRM14,203496240001,R05C01,K1,EPIC,54.0,M,B,56.0,M,B,Low
237,203496240002_R01C01,KUT072K1,A02,VRM14,203496240002,R01C01,K1,EPIC,29.0,M,C,58.0,M,C,High
239,203496240002_R03C01,KUT086K1,C02,VRM14,203496240002,R03C01,K1,EPIC,39.0,M,C,59.0,M,C,Low
241,203496240002_R06C01,KUT102K1,F02,VRM14,203496240002,R06C01,K1,EPIC,28.0,M,A,68.0,F,B,High
243,203504430032_R01C01,KUT024K1,A03,VRM15,203504430032,R01C01,K1,EPIC,28.0,M,B,47.0,F,B,High
245,203504430032_R05C01,KUT030K1,E03,VRM15,203504430032,R05C01,K1,EPIC,21.0,M,B,72.0,M,B,High
247,203504430044_R03C01,KUT110K1,C04,VRM15,203504430044,R03C01,K1,EPIC,52.0,M,H,48.0,F,B,High
249,203504430044_R05C01,KUT116K1,E04,VRM15,203504430044,R05C01,K1,EPIC,21.0,M,C,18.0,F,C,High
251,204001300103_R07C01,KUT128K1,G04,VRM16,204001300103,R07C01,K1,EPIC,24.0,M,C,58.0,M,B,
253,204001300109_R02C01,KUT132K1,B06,VRM16,204001300109,R02C01,K1,EPIC,28.0,M,B,68.0,M,B,
255,204001300109_R03C01,KUT133K1,C06,VRM16,204001300109,R03C01,K1,EPIC,28.0,M,C,55.0,F,H,
257,204001300109_R05C01,NYK488,,VRM16,204001300109,R05C01,K1,EPIC,33.0,M,C,44.0,F,B,High
259,204001300109_R06C01,NYK489,,VRM16,204001300109,R06C01,K1,EPIC,43.0,M,C,50.0,M,A,High
261,204001350016_R01C01,NYK509,,VRM16,204001350016,R01C01,K1,EPIC,33.0,M,C,59.0,F,Unkwon,
263,204001350016_R02C01,NYK512,,VRM16,204001350016,R02C01,K1,EPIC,32.0,M,C,64.0,M,B,Low
265,204001350016_R03C01,NYK513,,VRM16,204001350016,R03C01,K1,EPIC,29.0,M,H,33.0,M,H,Low
267,204001350107_R05C01,KUT052K1,E05,VRM16,204001350107,R05C01,K1,EPIC,54.0,M,B,39.0,M,B,
269,204001350107_R06C01,KUT070K1,F05,VRM16,204001350107,R06C01,K1,EPIC,41.0,M,C,50.0,F,C,
271,204001350107_R07C01,KUT071K1,G05,VRM16,204001350107,R07C01,K1,EPIC,27.0,M,C,69.0,M,C,
273,204001350112_R03C01,NYK494,,VRM16,204001350112,R03C01,K1,EPIC,33.0,M,C,68.0,M,Unkwon,
275,204001350112_R05C01,NYK501,,VRM16,204001350112,R05C01,K1,EPIC,46.0,M,H,56.0,M,C,
277,202702240117_R08C01,149K1,H03,VRM13,202702240117,R08C01,K1,EPIC,32.0,M,C,47.0,F,B,
279,202702240249_R03C01,SEN003K1,C04,VRM13,202702240249,R03C01,K1,EPIC,32.0,M,B,62.0,M,C,
281,203496240001_R07C01,KUT061K1,G01,VRM14,203496240001,R07C01,K1,EPIC,29.0,M,C,58.0,M,C,
283,202240580190_R01C01,114K1,A02,VRM10,202240580190,R01C01,K1,EPIC,38.0,,C,39.0,F,C,High
285,202240580192_R05C01,115K1,E03,VRM10,202240580192,R05C01,K1,EPIC,56.0,,C,43.0,F,B,High
287,204001350107_R01C01,KUT130K1,,,204001350107,R01C01,K1,EPIC,,,,,,,
289,204001350107_R03C01,KUT131K1,,,204001350107,R03C01,K1,EPIC,,,,,,,
291,200687170042_R06C02,58 K2,D02,VRM6,200687170042,R06C02,K2,450K,74.0,F,B,68,F,B,Low
292,202259340119_R04C01,68 K2,D01,VRM11,202259340119,R04C01,K2,EPIC,67.0,F,C,68,F,C,High
293,200687170063_R03C02,157 K2,E03,VRM6,200687170063,R03C02,K2,450K,47.0,F,C,55,M,B,High
294,202259350016_R06C01,UVA02 K2,F03,VRM11,202259350016,R06C01,K2,EPIC,49.0,F,C,46,M,C,High
295,202259350137_R01C01,UVA05 K2,A04,VRM11,202259350137,R01C01,K2,EPIC,47.0,F,C,56,M,C,High
296,202702240096_R02C01,KUT001K2,B01,VRM13,202702240096,R02C01,K2,EPIC,38.0,F,C,61,F,B,
297,202702240096_R05C01,KUT005K2,E01,VRM13,202702240096,R05C01,K2,EPIC,35.0,F,B,45,F,B,
298,202702240096_R07C01,KUT006K2,G01,VRM13,202702240096,R07C01,K2,EPIC,35.0,F,B,,,,
299,202702240114_R03C01,KUT008K2,C02,VRM13,202702240114,R03C01,K2,EPIC,24.0,F,C,36,M,B,
300,202702240114_R07C01,KUT010K2,G02,VRM13,202702240114,R07C01,K2,EPIC,41.0,F,C,67,F,B,
301,203496240001_R04C01,KUT049K2,D01,VRM14,203496240001,R04C01,K2,EPIC,42.0,F,C,61,M,B,
302,203496240002_R05C01,KUT102K2,E02,VRM14,203496240002,R05C01,K2,EPIC,47.0,F,C,43,M,C,
303,203496240002_R08C01,KUT111K2,H02,VRM14,203496240002,R08C01,K2,EPIC,47.0,F,C,43,M,C,
304,203504430032_R04C01,KUT027K2,D03,VRM15,203504430032,R04C01,K2,EPIC,28.0,F,C,33,F,B,
305,203504430032_R08C01,KUT038K2,H03,VRM15,203504430032,R08C01,K2,EPIC,36.0,F,C,52,M,B,
306,203504430044_R02C01,KUT048K2,B04,VRM15,203504430044,R02C01,K2,EPIC,42.0,F,C,41,M,B,
307,204001300103_R04C01,KUT4K2,,,204001300103,R04C01,K2,EPIC,39.0,F,C,63,F,B,
308,204001300103_R08C01,KUT128K2,,,204001300103,R08C01,K2,EPIC,28.0,F,C,55,F,C,
309,200687170063_R01C01,61 K2,E02,VRM6,200687170063,R01C01,K2,450K,37.0,M,C,68,F,B,High
310,202259340119_R02C01,67 K2,B01,VRM11,202259340119,R02C01,K2,EPIC,37.0,M,C,68,F,B,High
311,202259340119_R06C01,72 K2,F01,VRM11,202259340119,R06C01,K2,EPIC,54.0,M,C,58,M,B,Low
312,202259340119_R08C01,73 K2,H01,VRM11,202259340119,R08C01,K2,EPIC,21.0,M,C,36,F,C,Low
313,202259350001_R02C01,84 K2,B02,VRM11,202259350001,R02C01,K2,EPIC,52.0,M,C,1952-02-17 00:00:00,57,male,
314,200687170063_R03C01,92 K2,G02,VRM6,200687170063,R03C01,K2,450K,69.0,M,C,59,F,B,Low
315,200687170063_R05C01,109 K2,A03,VRM6,200687170063,R05C01,K2,450K,24.0,M,C,29,M,B,High
316,200687170063_R01C02,151 K2,C03,VRM6,200687170063,R01C02,K2,450K,30.0,M,C,76,F,B,High
317,200687170063_R04C02,160 K2,F03,VRM6,200687170063,R04C02,K2,450K,18.0,M,C,53,M,B,High
318,202259350016_R05C01,UVA01 K2,E03,VRM11,202259350016,R05C01,K2,EPIC,38.0,M,B,64,F,B,High
319,202259350016_R07C01,UVA03 K2,G03,VRM11,202259350016,R07C01,K2,EPIC,21.0,M,C,56,F,B,High
320,202259350016_R08C01,UVA04 K2,H03,VRM11,202259350016,R08C01,K2,EPIC,44.0,M,C,63,M,B,Low
321,202259350137_R02C01,UVA06 K2,B04,VRM11,202259350137,R02C01,K2,EPIC,45.0,M,C,35,M,C,High
322,202702240114_R01C01,KUT007K2,A02,VRM13,202702240114,R01C01,K2,EPIC,26.0,M,C,47,M,B,
323,202702240114_R05C01,KUT009K2,E02,VRM13,202702240114,R05C01,K2,EPIC,32.0,M,C,47,F,B,
324,202702240117_R02C01,KUT012K2,B03,VRM13,202702240117,R02C01,K2,EPIC,42.0,M,B,43,F,B,
325,202702240117_R04C01,KUT013K2,D03,VRM13,202702240117,R04C01,K2,EPIC,32.0,M,B,62,M,C,
326,203496240001_R06C01,KUT055K2,F01,VRM14,203496240001,R06C01,K2,EPIC,54.0,M,B,56,M,B,
327,203496240001_R08C01,KUT061K2,H01,VRM14,203496240001,R08C01,K2,EPIC,29.0,M,C,58,M,C,
328,203496240002_R02C01,KUT072K2,B02,VRM14,203496240002,R02C01,K2,EPIC,39.0,M,C,59,M,C,
329,203496240002_R04C01,KUT086K2,D02,VRM14,203496240002,R04C01,K2,EPIC,28.0,M,A,68,F,B,
330,203504430032_R02C01,KUT024K2,B03,VRM15,203504430032,R02C01,K2,EPIC,28.0,M,B,47,F,B,
331,203504430032_R06C01,KUT030K2,F03,VRM15,203504430032,R06C01,K2,EPIC,21.0,M,B,72,M,B,
332,203504430044_R04C01,KUT110K2,D04,VRM15,203504430044,R04C01,K2,EPIC,52.0,M,H,48,F,B,
333,203504430044_R06C01,KUT116K2,F04,VRM15,203504430044,R06C01,K2,EPIC,21.0,M,C,18,F,C,
334,204001300103_R02C01,KUT119K2,,,204001300103,R02C01,K2,EPIC,21.0,M,C,18,F,C,
335,202702240249_R02C01,149K2,B04,VRM13,202702240249,R02C01,K2,EPIC,52.0,M,C,1959-06-25 00:00:00,51,male,High
336,202702240117_R07C01,108K2,G03,VRM13,202702240117,R07C01,K2,EPIC,,,,,,,
337,202702240249_R04C01,SEN003K2,D04,VRM13,202702240249,R04C01,K2,EPIC,43.0,,,,,,
338,204001350107_R02C01,KUT130K2,,,204001350107,R02C01,K2,EPIC,,,,,,,
339,204001350107_R04C01,KUT131K2,,,204001350107,R04C01,K2,EPIC,,,,,,,
